{
  "name": "underwriting_workflow",
  "description": "Comprehensive underwriting workflow with automated and manual decision paths",
  "version": 1,
  "tasks": [
    {
      "name": "update_application_state",
      "taskReferenceName": "update_state_to_underwriting_ref",
      "inputParameters": {
        "applicationId": "${workflow.input.applicationId}",
        "fromState": "identity_verified",
        "toState": "underwriting",
        "reason": "Underwriting process started"
      },
      "type": "SIMPLE",
      "decisionCases": {},
      "defaultCase": [],
      "forkTasks": [],
      "startDelay": 0,
      "joinOn": [],
      "optional": false,
      "defaultExclusiveJoinTask": [],
      "asyncComplete": false,
      "loopOver": []
    },
    {
      "name": "credit_check",
      "taskReferenceName": "credit_check_ref",
      "inputParameters": {
        "applicationId": "${workflow.input.applicationId}",
        "userId": "${workflow.input.userId}",
        "personalInfo": "${workflow.input.verificationResults.personalInfo}",
        "ssn": "${workflow.input.verificationResults.ssn}"
      },
      "type": "SIMPLE",
      "decisionCases": {},
      "defaultCase": [],
      "forkTasks": [],
      "startDelay": 0,
      "joinOn": [],
      "optional": false,
      "defaultExclusiveJoinTask": [],
      "asyncComplete": false,
      "loopOver": []
    },
    {
      "name": "income_verification",
      "taskReferenceName": "income_verification_ref",
      "inputParameters": {
        "applicationId": "${workflow.input.applicationId}",
        "annualIncome": "${workflow.input.annualIncome}",
        "monthlyIncome": "${workflow.input.monthlyIncome}",
        "employmentDocuments": "${workflow.input.documents.employmentVerification}",
        "bankStatements": "${workflow.input.documents.bankStatements}"
      },
      "type": "SIMPLE",
      "decisionCases": {},
      "defaultCase": [],
      "forkTasks": [],
      "startDelay": 0,
      "joinOn": [],
      "optional": false,
      "defaultExclusiveJoinTask": [],
      "asyncComplete": false,
      "loopOver": []
    },
    {
      "name": "calculate_risk_score",
      "taskReferenceName": "calculate_risk_score_ref",
      "inputParameters": {
        "applicationId": "${workflow.input.applicationId}",
        "loanAmount": "${workflow.input.loanAmount}",
        "annualIncome": "${workflow.input.annualIncome}",
        "monthlyDebt": "${workflow.input.monthlyDebt}",
        "creditScore": "${credit_check_ref.output.creditScore}",
        "creditHistory": "${credit_check_ref.output.creditHistory}",
        "incomeVerified": "${income_verification_ref.output.verified}",
        "dtiRatio": "${workflow.input.dtiRatio}"
      },
      "type": "SIMPLE",
      "decisionCases": {},
      "defaultCase": [],
      "forkTasks": [],
      "startDelay": 0,
      "joinOn": [],
      "optional": false,
      "defaultExclusiveJoinTask": [],
      "asyncComplete": false,
      "loopOver": []
    },
    {
      "name": "decision_engine",
      "taskReferenceName": "decision_engine_ref",
      "inputParameters": {
        "applicationId": "${workflow.input.applicationId}",
        "riskScore": "${calculate_risk_score_ref.output.riskScore}",
        "creditScore": "${credit_check_ref.output.creditScore}",
        "dtiRatio": "${workflow.input.dtiRatio}",
        "loanAmount": "${workflow.input.loanAmount}",
        "annualIncome": "${workflow.input.annualIncome}",
        "incomeVerified": "${income_verification_ref.output.verified}"
      },
      "type": "DECISION",
      "caseValueParam": "riskCategory",
      "decisionCases": {
        "LOW_RISK": [
          {
            "name": "auto_approve",
            "taskReferenceName": "auto_approve_ref",
            "inputParameters": {
              "applicationId": "${workflow.input.applicationId}",
              "riskScore": "${calculate_risk_score_ref.output.riskScore}",
              "approvedAmount": "${workflow.input.loanAmount}",
              "interestRate": "${calculate_risk_score_ref.output.baseInterestRate}",
              "reason": "Automated approval - low risk profile"
            },
            "type": "SIMPLE"
          },
          {
            "name": "update_application_state",
            "taskReferenceName": "update_state_to_approved_ref",
            "inputParameters": {
              "applicationId": "${workflow.input.applicationId}",
              "fromState": "underwriting",
              "toState": "approved",
              "reason": "Automated approval"
            },
            "type": "SIMPLE"
          }
        ],
        "HIGH_RISK": [
          {
            "name": "auto_deny",
            "taskReferenceName": "auto_deny_ref",
            "inputParameters": {
              "applicationId": "${workflow.input.applicationId}",
              "riskScore": "${calculate_risk_score_ref.output.riskScore}",
              "reason": "Automated denial - high risk profile",
              "denialReasons": "${calculate_risk_score_ref.output.riskFactors}"
            },
            "type": "SIMPLE"
          },
          {
            "name": "update_application_state", 
            "taskReferenceName": "update_state_to_denied_ref",
            "inputParameters": {
              "applicationId": "${workflow.input.applicationId}",
              "fromState": "underwriting",
              "toState": "denied",
              "reason": "Automated denial"
            },
            "type": "SIMPLE"
          }
        ],
        "MEDIUM_RISK": [
          {
            "name": "flag_for_manual_review",
            "taskReferenceName": "flag_manual_review_ref",
            "inputParameters": {
              "applicationId": "${workflow.input.applicationId}",
              "riskScore": "${calculate_risk_score_ref.output.riskScore}",
              "reviewReasons": "${calculate_risk_score_ref.output.reviewFlags}",
              "priority": "MEDIUM"
            },
            "type": "SIMPLE"
          },
          {
            "name": "update_application_state",
            "taskReferenceName": "update_state_to_manual_review_ref", 
            "inputParameters": {
              "applicationId": "${workflow.input.applicationId}",
              "fromState": "underwriting",
              "toState": "manual_review",
              "reason": "Flagged for manual review"
            },
            "type": "SIMPLE"
          },
          {
            "name": "manual_underwriting_review",
            "taskReferenceName": "manual_review_ref",
            "inputParameters": {
              "applicationId": "${workflow.input.applicationId}",
              "riskAssessment": "${calculate_risk_score_ref.output}",
              "creditReport": "${credit_check_ref.output}",
              "incomeVerification": "${income_verification_ref.output}",
              "reviewGuidelines": "Follow manual underwriting guidelines for medium risk applications"
            },
            "type": "HUMAN"
          },
          {
            "name": "process_manual_decision",
            "taskReferenceName": "process_manual_decision_ref",
            "inputParameters": {
              "applicationId": "${workflow.input.applicationId}",
              "manualDecision": "${manual_review_ref.output.decision}",
              "reviewerComments": "${manual_review_ref.output.comments}",
              "approvedAmount": "${manual_review_ref.output.approvedAmount}",
              "interestRate": "${manual_review_ref.output.interestRate}"
            },
            "type": "DECISION",
            "caseValueParam": "manualDecision",
            "decisionCases": {
              "APPROVE": [
                {
                  "name": "manual_approve",
                  "taskReferenceName": "manual_approve_ref",
                  "inputParameters": {
                    "applicationId": "${workflow.input.applicationId}",
                    "approvedAmount": "${manual_review_ref.output.approvedAmount}",
                    "interestRate": "${manual_review_ref.output.interestRate}",
                    "conditions": "${manual_review_ref.output.conditions}",
                    "reason": "Manual approval after review"
                  },
                  "type": "SIMPLE"
                },
                {
                  "name": "update_application_state",
                  "taskReferenceName": "update_state_manual_approved_ref",
                  "inputParameters": {
                    "applicationId": "${workflow.input.applicationId}",
                    "fromState": "manual_review",
                    "toState": "approved",
                    "reason": "Manual approval"
                  },
                  "type": "SIMPLE"
                }
              ],
              "DENY": [
                {
                  "name": "manual_deny",
                  "taskReferenceName": "manual_deny_ref",
                  "inputParameters": {
                    "applicationId": "${workflow.input.applicationId}",
                    "reason": "Manual denial after review",
                    "denialReasons": "${manual_review_ref.output.denialReasons}",
                    "reviewerComments": "${manual_review_ref.output.comments}"
                  },
                  "type": "SIMPLE"
                },
                {
                  "name": "update_application_state",
                  "taskReferenceName": "update_state_manual_denied_ref",
                  "inputParameters": {
                    "applicationId": "${workflow.input.applicationId}",
                    "fromState": "manual_review",
                    "toState": "denied",
                    "reason": "Manual denial"
                  },
                  "type": "SIMPLE"
                }
              ]
            }
          }
        ]
      },
      "defaultCase": [
        {
          "name": "auto_deny",
          "taskReferenceName": "default_deny_ref",
          "inputParameters": {
            "applicationId": "${workflow.input.applicationId}",
            "reason": "Unable to determine risk category",
            "denialReasons": ["SYSTEM_ERROR"]
          },
          "type": "SIMPLE"
        },
        {
          "name": "update_application_state",
          "taskReferenceName": "update_state_default_denied_ref",
          "inputParameters": {
            "applicationId": "${workflow.input.applicationId}",
            "fromState": "underwriting",
            "toState": "denied",
            "reason": "System error during underwriting"
          },
          "type": "SIMPLE"
        }
      ],
      "forkTasks": [],
      "startDelay": 0,
      "joinOn": [],
      "optional": false,
      "defaultExclusiveJoinTask": [],
      "asyncComplete": false,
      "loopOver": []
    }
  ],
  "inputParameters": [
    "applicationId",
    "userId",
    "loanAmount",
    "annualIncome",
    "monthlyIncome",
    "monthlyDebt",
    "dtiRatio",
    "riskScore",
    "verificationResults",
    "documents",
    "startTime"
  ],
  "outputParameters": {
    "applicationId": "${workflow.input.applicationId}",
    "finalState": "${decision_engine_ref.output.finalState}",
    "decision": "${decision_engine_ref.output.decision}",
    "interestRate": "${decision_engine_ref.output.interestRate}",
    "riskScore": "${calculate_risk_score_ref.output.riskScore}",
    "creditScore": "${credit_check_ref.output.creditScore}",
    "completedAt": "${decision_engine_ref.output.completedAt}"
  },
  "failureWorkflow": "",
  "restartable": true,
  "workflowStatusListenerEnabled": true,
  "ownerEmail": "loan-service@company.com",
  "timeoutPolicy": "ALERT_ONLY",
  "timeoutSeconds": 7200,
  "variables": {},
  "inputTemplate": {},
  "schemaVersion": 2
}
