{
  "name": "loan_processing_workflow",
  "description": "Main loan processing workflow from application to decision",
  "version": 1,
  "tasks": [
    {
      "name": "validate_application",
      "taskReferenceName": "validate_application_ref",
      "inputParameters": {
        "applicationId": "${workflow.input.applicationId}",
        "userId": "${workflow.input.userId}",
        "loanAmount": "${workflow.input.loanAmount}",
        "loanPurpose": "${workflow.input.loanPurpose}",
        "annualIncome": "${workflow.input.annualIncome}",
        "monthlyIncome": "${workflow.input.monthlyIncome}",
        "requestedTerm": "${workflow.input.requestedTerm}"
      },
      "type": "SIMPLE",
      "decisionCases": {},
      "defaultCase": [],
      "forkTasks": [],
      "startDelay": 0,
      "joinOn": [],
      "optional": false,
      "defaultExclusiveJoinTask": [],
      "asyncComplete": false,
      "loopOver": []
    },
    {
      "name": "update_application_state",
      "taskReferenceName": "update_state_to_prequalified_ref",
      "inputParameters": {
        "applicationId": "${workflow.input.applicationId}",
        "fromState": "initiated",
        "toState": "pre_qualified",
        "reason": "Application validated and pre-qualified"
      },
      "type": "SIMPLE",
      "decisionCases": {},
      "defaultCase": [],
      "forkTasks": [],
      "startDelay": 0,
      "joinOn": [],
      "optional": false,
      "defaultExclusiveJoinTask": [],
      "asyncComplete": false,
      "loopOver": []
    },
    {
      "name": "document_collection",
      "taskReferenceName": "document_collection_ref",
      "inputParameters": {
        "applicationId": "${workflow.input.applicationId}",
        "userId": "${workflow.input.userId}",
        "requiredDocuments": [
          "income_verification",
          "employment_verification", 
          "bank_statements",
          "identification"
        ]
      },
      "type": "HUMAN",
      "decisionCases": {},
      "defaultCase": [],
      "forkTasks": [],
      "startDelay": 0,
      "joinOn": [],
      "optional": false,
      "defaultExclusiveJoinTask": [],
      "asyncComplete": false,
      "loopOver": []
    },
    {
      "name": "update_application_state",
      "taskReferenceName": "update_state_to_documents_submitted_ref",
      "inputParameters": {
        "applicationId": "${workflow.input.applicationId}",
        "fromState": "pre_qualified",
        "toState": "documents_submitted",
        "reason": "Required documents collected"
      },
      "type": "SIMPLE",
      "decisionCases": {},
      "defaultCase": [],
      "forkTasks": [],
      "startDelay": 0,
      "joinOn": [],
      "optional": false,
      "defaultExclusiveJoinTask": [],
      "asyncComplete": false,
      "loopOver": []
    },
    {
      "name": "identity_verification",
      "taskReferenceName": "identity_verification_ref",
      "inputParameters": {
        "applicationId": "${workflow.input.applicationId}",
        "userId": "${workflow.input.userId}",
        "identificationDocument": "${document_collection_ref.output.identificationDocument}",
        "personalInfo": "${workflow.input.personalInfo}"
      },
      "type": "SIMPLE",
      "decisionCases": {},
      "defaultCase": [],
      "forkTasks": [],
      "startDelay": 0,
      "joinOn": [],
      "optional": false,
      "defaultExclusiveJoinTask": [],
      "asyncComplete": false,
      "loopOver": []
    },
    {
      "name": "update_application_state",
      "taskReferenceName": "update_state_to_identity_verified_ref",
      "inputParameters": {
        "applicationId": "${workflow.input.applicationId}",
        "fromState": "documents_submitted",
        "toState": "identity_verified",
        "reason": "Identity verification completed"
      },
      "type": "SIMPLE",
      "decisionCases": {},
      "defaultCase": [],
      "forkTasks": [],
      "startDelay": 0,
      "joinOn": [],
      "optional": false,
      "defaultExclusiveJoinTask": [],
      "asyncComplete": false,
      "loopOver": []
    },
    {
      "name": "trigger_underwriting",
      "taskReferenceName": "trigger_underwriting_ref",
      "inputParameters": {
        "applicationId": "${workflow.input.applicationId}",
        "userId": "${workflow.input.userId}",
        "loanAmount": "${workflow.input.loanAmount}",
        "annualIncome": "${workflow.input.annualIncome}",
        "monthlyIncome": "${workflow.input.monthlyIncome}",
        "monthlyDebt": "${workflow.input.monthlyDebt}",
        "verificationResults": "${identity_verification_ref.output}",
        "documents": "${document_collection_ref.output}"
      },
      "type": "SUB_WORKFLOW",
      "subWorkflowParam": {
        "name": "underwriting_workflow",
        "version": 1
      },
      "decisionCases": {},
      "defaultCase": [],
      "forkTasks": [],
      "startDelay": 0,
      "joinOn": [],
      "optional": false,
      "defaultExclusiveJoinTask": [],
      "asyncComplete": false,
      "loopOver": []
    },
    {
      "name": "finalize_loan_decision",
      "taskReferenceName": "finalize_loan_decision_ref",
      "inputParameters": {
        "applicationId": "${workflow.input.applicationId}",
        "underwritingResult": "${trigger_underwriting_ref.output}",
        "finalState": "${trigger_underwriting_ref.output.finalState}",
        "decision": "${trigger_underwriting_ref.output.decision}",
        "interestRate": "${trigger_underwriting_ref.output.interestRate}"
      },
      "type": "SIMPLE",
      "decisionCases": {},
      "defaultCase": [],
      "forkTasks": [],
      "startDelay": 0,
      "joinOn": [],
      "optional": false,
      "defaultExclusiveJoinTask": [],
      "asyncComplete": false,
      "loopOver": []
    }
  ],
  "inputParameters": [
    "applicationId",
    "userId",
    "loanAmount",
    "loanPurpose", 
    "annualIncome",
    "monthlyIncome",
    "monthlyDebt",
    "requestedTerm",
    "currentState",
    "startTime"
  ],
  "outputParameters": {
    "applicationId": "${workflow.input.applicationId}",
    "finalState": "${finalize_loan_decision_ref.output.finalState}",
    "decision": "${finalize_loan_decision_ref.output.decision}",
    "interestRate": "${finalize_loan_decision_ref.output.interestRate}",
    "workflowCompletedAt": "${finalize_loan_decision_ref.output.completedAt}"
  },
  "failureWorkflow": "",
  "restartable": true,
  "workflowStatusListenerEnabled": true,
  "ownerEmail": "loan-service@company.com",
  "timeoutPolicy": "ALERT_ONLY",
  "timeoutSeconds": 3600,
  "variables": {},
  "inputTemplate": {},
  "schemaVersion": 2
}
