[
  {
    "name": "validate_application",
    "description": "Validates loan application data and business rules",
    "retryCount": 2,
    "timeoutSeconds": 60,
    "inputKeys": [
      "applicationId",
      "userId",
      "loanAmount",
      "loanPurpose",
      "annualIncome",
      "monthlyIncome",
      "requestedTerm"
    ],
    "outputKeys": [
      "valid",
      "validationErrors",
      "normalizedData"
    ],
    "timeoutPolicy": "TIME_OUT_WF",
    "retryLogic": "FIXED",
    "retryDelaySeconds": 10,
    "responseTimeoutSeconds": 50,
    "concurrentExecLimit": 100,
    "rateLimitPerFrequency": 0,
    "rateLimitFrequencyInSeconds": 1,
    "ownerEmail": "loan-service@company.com"
  },
  {
    "name": "update_application_state",
    "description": "Updates loan application state in database",
    "retryCount": 3,
    "timeoutSeconds": 30,
    "inputKeys": [
      "applicationId",
      "fromState",
      "toState", 
      "reason"
    ],
    "outputKeys": [
      "success",
      "updatedAt",
      "newState"
    ],
    "timeoutPolicy": "TIME_OUT_WF",
    "retryLogic": "EXPONENTIAL_BACKOFF",
    "retryDelaySeconds": 3,
    "responseTimeoutSeconds": 25,
    "concurrentExecLimit": 200,
    "rateLimitPerFrequency": 0,
    "rateLimitFrequencyInSeconds": 1,
    "ownerEmail": "loan-service@company.com"
  },
  {
    "name": "document_collection",
    "description": "Human task for collecting required loan documents",
    "retryCount": 0,
    "timeoutSeconds": 86400,
    "inputKeys": [
      "applicationId",
      "userId",
      "requiredDocuments"
    ],
    "outputKeys": [
      "documentsCollected",
      "incomeVerification",
      "employmentVerification",
      "bankStatements",
      "identificationDocument",
      "collectionCompletedAt"
    ],
    "timeoutPolicy": "ALERT_ONLY",
    "retryLogic": "FIXED",
    "retryDelaySeconds": 0,
    "responseTimeoutSeconds": 86400,
    "concurrentExecLimit": 1000,
    "rateLimitPerFrequency": 0,
    "rateLimitFrequencyInSeconds": 1,
    "ownerEmail": "loan-service@company.com"
  },
  {
    "name": "identity_verification",
    "description": "Verifies customer identity using provided documents",
    "retryCount": 2,
    "timeoutSeconds": 120,
    "inputKeys": [
      "applicationId",
      "userId",
      "identificationDocument",
      "personalInfo"
    ],
    "outputKeys": [
      "verified",
      "verificationScore",
      "personalInfo",
      "ssn",
      "verificationDetails"
    ],
    "timeoutPolicy": "TIME_OUT_WF", 
    "retryLogic": "EXPONENTIAL_BACKOFF",
    "retryDelaySeconds": 15,
    "responseTimeoutSeconds": 100,
    "concurrentExecLimit": 50,
    "rateLimitPerFrequency": 0,
    "rateLimitFrequencyInSeconds": 1,
    "ownerEmail": "loan-service@company.com"
  },
  {
    "name": "finalize_loan_decision",
    "description": "Finalizes loan processing decision and updates application",
    "retryCount": 3,
    "timeoutSeconds": 45,
    "inputKeys": [
      "applicationId",
      "underwritingResult",
      "finalState",
      "decision",
      "interestRate"
    ],
    "outputKeys": [
      "finalState",
      "decision",
      "interestRate",
      "completedAt",
      "nextSteps"
    ],
    "timeoutPolicy": "TIME_OUT_WF",
    "retryLogic": "EXPONENTIAL_BACKOFF",
    "retryDelaySeconds": 5,
    "responseTimeoutSeconds": 40,
    "concurrentExecLimit": 100,
    "rateLimitPerFrequency": 0,
    "rateLimitFrequencyInSeconds": 1,
    "ownerEmail": "loan-service@company.com"
  }
]
