[
  {
    "name": "credit_check",
    "description": "Performs credit check and retrieves credit report",
    "retryCount": 3,
    "timeoutSeconds": 120,
    "inputKeys": [
      "applicationId",
      "userId",
      "personalInfo",
      "ssn"
    ],
    "outputKeys": [
      "creditScore",
      "creditHistory",
      "creditReport",
      "creditFactors",
      "creditBureauResponse"
    ],
    "timeoutPolicy": "TIME_OUT_WF",
    "retryLogic": "EXPONENTIAL_BACKOFF",
    "retryDelaySeconds": 10,
    "responseTimeoutSeconds": 100,
    "concurrentExecLimit": 50,
    "rateLimitPerFrequency": 10,
    "rateLimitFrequencyInSeconds": 60,
    "ownerEmail": "loan-service@company.com"
  },
  {
    "name": "income_verification",
    "description": "Verifies applicant's income against provided documents",
    "retryCount": 2,
    "timeoutSeconds": 180,
    "inputKeys": [
      "applicationId",
      "annualIncome",
      "monthlyIncome",
      "employmentDocuments",
      "bankStatements"
    ],
    "outputKeys": [
      "verified",
      "verifiedAnnualIncome",
      "verifiedMonthlyIncome",
      "employmentStatus",
      "incomeConsistency",
      "verificationDetails"
    ],
    "timeoutPolicy": "TIME_OUT_WF",
    "retryLogic": "EXPONENTIAL_BACKOFF",
    "retryDelaySeconds": 20,
    "responseTimeoutSeconds": 160,
    "concurrentExecLimit": 30,
    "rateLimitPerFrequency": 0,
    "rateLimitFrequencyInSeconds": 1,
    "ownerEmail": "loan-service@company.com"
  },
  {
    "name": "calculate_risk_score",
    "description": "Calculates comprehensive risk score based on all available data",
    "retryCount": 2,
    "timeoutSeconds": 90,
    "inputKeys": [
      "applicationId",
      "loanAmount",
      "annualIncome",
      "monthlyDebt",
      "creditScore",
      "creditHistory",
      "incomeVerified",
      "dtiRatio"
    ],
    "outputKeys": [
      "riskScore",
      "riskCategory",
      "riskFactors",
      "baseInterestRate",
      "reviewFlags",
      "riskBreakdown"
    ],
    "timeoutPolicy": "TIME_OUT_WF",
    "retryLogic": "FIXED",
    "retryDelaySeconds": 15,
    "responseTimeoutSeconds": 75,
    "concurrentExecLimit": 100,
    "rateLimitPerFrequency": 0,
    "rateLimitFrequencyInSeconds": 1,
    "ownerEmail": "loan-service@company.com"
  },
  {
    "name": "auto_approve",
    "description": "Processes automatic loan approval for low-risk applications",
    "retryCount": 3,
    "timeoutSeconds": 45,
    "inputKeys": [
      "applicationId",
      "riskScore",
      "approvedAmount",
      "interestRate",
      "reason"
    ],
    "outputKeys": [
      "approved",
      "approvedAmount",
      "interestRate",
      "loanTerms",
      "conditions",
      "approvalId"
    ],
    "timeoutPolicy": "TIME_OUT_WF",
    "retryLogic": "EXPONENTIAL_BACKOFF",
    "retryDelaySeconds": 5,
    "responseTimeoutSeconds": 40,
    "concurrentExecLimit": 200,
    "rateLimitPerFrequency": 0,
    "rateLimitFrequencyInSeconds": 1,
    "ownerEmail": "loan-service@company.com"
  },
  {
    "name": "auto_deny",
    "description": "Processes automatic loan denial for high-risk applications",
    "retryCount": 3,
    "timeoutSeconds": 30,
    "inputKeys": [
      "applicationId",
      "riskScore",
      "reason",
      "denialReasons"
    ],
    "outputKeys": [
      "denied",
      "denialReasons",
      "denialLetter",
      "appealProcess",
      "denialId"
    ],
    "timeoutPolicy": "TIME_OUT_WF",
    "retryLogic": "EXPONENTIAL_BACKOFF",
    "retryDelaySeconds": 3,
    "responseTimeoutSeconds": 25,
    "concurrentExecLimit": 200,
    "rateLimitPerFrequency": 0,
    "rateLimitFrequencyInSeconds": 1,
    "ownerEmail": "loan-service@company.com"
  },
  {
    "name": "flag_for_manual_review",
    "description": "Flags application for manual underwriting review",
    "retryCount": 2,
    "timeoutSeconds": 30,
    "inputKeys": [
      "applicationId",
      "riskScore",
      "reviewReasons",
      "priority"
    ],
    "outputKeys": [
      "flagged",
      "reviewQueue",
      "priority",
      "reviewReasons",
      "flaggedAt"
    ],
    "timeoutPolicy": "TIME_OUT_WF",
    "retryLogic": "FIXED",
    "retryDelaySeconds": 5,
    "responseTimeoutSeconds": 25,
    "concurrentExecLimit": 100,
    "rateLimitPerFrequency": 0,
    "rateLimitFrequencyInSeconds": 1,
    "ownerEmail": "loan-service@company.com"
  },
  {
    "name": "manual_underwriting_review",
    "description": "Human task for manual underwriting review and decision",
    "retryCount": 0,
    "timeoutSeconds": 172800,
    "inputKeys": [
      "applicationId",
      "riskAssessment",
      "creditReport",
      "incomeVerification",
      "reviewGuidelines"
    ],
    "outputKeys": [
      "decision",
      "approvedAmount",
      "interestRate",
      "conditions",
      "denialReasons",
      "comments",
      "reviewerId",
      "reviewCompletedAt"
    ],
    "timeoutPolicy": "ALERT_ONLY",
    "retryLogic": "FIXED",
    "retryDelaySeconds": 0,
    "responseTimeoutSeconds": 172800,
    "concurrentExecLimit": 50,
    "rateLimitPerFrequency": 0,
    "rateLimitFrequencyInSeconds": 1,
    "ownerEmail": "loan-service@company.com"
  },
  {
    "name": "manual_approve",
    "description": "Processes manual loan approval after human review",
    "retryCount": 3,
    "timeoutSeconds": 45,
    "inputKeys": [
      "applicationId",
      "approvedAmount",
      "interestRate",
      "conditions",
      "reason"
    ],
    "outputKeys": [
      "approved",
      "approvedAmount",
      "interestRate",
      "loanTerms",
      "conditions",
      "approvalId"
    ],
    "timeoutPolicy": "TIME_OUT_WF",
    "retryLogic": "EXPONENTIAL_BACKOFF",
    "retryDelaySeconds": 5,
    "responseTimeoutSeconds": 40,
    "concurrentExecLimit": 100,
    "rateLimitPerFrequency": 0,
    "rateLimitFrequencyInSeconds": 1,
    "ownerEmail": "loan-service@company.com"
  },
  {
    "name": "manual_deny",
    "description": "Processes manual loan denial after human review",
    "retryCount": 3,
    "timeoutSeconds": 30,
    "inputKeys": [
      "applicationId",
      "reason",
      "denialReasons",
      "reviewerComments"
    ],
    "outputKeys": [
      "denied",
      "denialReasons",
      "denialLetter",
      "reviewerComments",
      "appealProcess",
      "denialId"
    ],
    "timeoutPolicy": "TIME_OUT_WF",
    "retryLogic": "EXPONENTIAL_BACKOFF",
    "retryDelaySeconds": 3,
    "responseTimeoutSeconds": 25,
    "concurrentExecLimit": 100,
    "rateLimitPerFrequency": 0,
    "rateLimitFrequencyInSeconds": 1,
    "ownerEmail": "loan-service@company.com"
  },
  {
    "name": "process_manual_decision",
    "description": "Processes the decision made during manual review",
    "retryCount": 2,
    "timeoutSeconds": 30,
    "inputKeys": [
      "applicationId",
      "manualDecision",
      "reviewerComments",
      "approvedAmount",
      "interestRate"
    ],
    "outputKeys": [
      "decision",
      "processedAt",
      "nextAction"
    ],
    "timeoutPolicy": "TIME_OUT_WF",
    "retryLogic": "FIXED",
    "retryDelaySeconds": 5,
    "responseTimeoutSeconds": 25,
    "concurrentExecLimit": 200,
    "rateLimitPerFrequency": 0,
    "rateLimitFrequencyInSeconds": 1,
    "ownerEmail": "loan-service@company.com"
  }
]
